bandid,nestid_v,plottype,surveyyr,surveymo,surveyday,lat_v,long_v,transmitterid_v,nestnumber_v,wmu_v,county_v,township_v,landownership_v,guardobject,guardvo,guardht,averagevo,averagemaxvo,percwoody,percfern,percgrassforb,perclitter,percbare,percboulder,woodyht,fernht,grassforbht,litterht,boulderht,stemcount,woodytype1,woodytype2,vegcomments
8169,8169_2022_1,Nest,2022,5,9,40.75468,-79.33604,10071,1,2D,Armstrong,Plumcreek,Private,Log,Partial,1,0.5,1.2,90,0,0,92.5,0,0,58,20,6,2,41,56,Non-native Invasive,Grpvines dwn/dead wood,
8169,8169_2022_1,North,2022,5,10,40.75562,-79.33608,10071,1,2D,Armstrong,Plumcreek,Private,Log,Partial,1,0.1,0.9,72.5,0,20,92.5,0,5,91,10,20,2,32,77,Non-native Invasive,Grpvines dwn/dead wood,
8169,8169_2022_1,East,2022,5,10,40.75468,-79.3349,10071,1,2D,Armstrong,Plumcreek,Private,Log,Partial,1,0.6,0.9,37.5,0,37.5,97.5,0,0,64,21,25,2,0,53,Non-native Invasive,Grpvines dwn/dead wood,
8169,8169_2022_1,South,2022,5,10,40.75381,-79.33613,10071,1,2D,Armstrong,Plumcreek,Private,Log,Partial,1,0.6,1.7,67.5,0,20,97.5,0,0,25,13,8,2,0,21,Non-native Invasive,Grpvines dwn/dead wood,
8169,8169_2022_1,West,2022,5,10,40.75471,-79.33729,10071,1,2D,Armstrong,Plumcreek,Private,Log,Partial,1,0.1,0.8,30,0,37.5,65,20,0,79,41,15,2,0,82,Non-native Invasive,Grpvines dwn/dead wood,
4698,4698_2022_1,Nest,2022,5,23,41.386338,-74.9651107,10134,1,3D,Pike,Shohola,Public,Tree,Partial,2,0.1,0.1,32.5,0,0,85,0,20,30,10,8,5,28,24,Grpvines dwn/dead wood,,
4698,4698_2022_1,North,2022,5,23,41.3872331,-74.9653407,10134,1,3D,Pike,Shohola,Public,Tree,Partial,2,0,0.5,27.5,0,0,82.5,0,25,45,12,9,2,28,37,Grpvines dwn/dead wood,,
4698,4698_2022_1,East,2022,5,23,41.3865082,-74.9639969,10134,1,3D,Pike,Shohola,Public,Tree,Partial,2,0,1,70,0,0,85,0,0,30,15,10,2,10,67,Decid. Eric,,
4698,4698_2022_1,South,2022,5,23,41.3855447,-74.9649997,10134,1,3D,Pike,Shohola,Public,Tree,Partial,2,0,0.2,47.5,0,0,87.5,0,0,54,7,5,1,10,76,Grpvines dwn/dead wood,,
4698,4698_2022_1,West,2022,5,23,41.3863011,-74.9662161,10134,1,3D,Pike,Shohola,Public,Tree,Partial,2,0,0.6,30,0,0,85,0,25,83,18,8,1,18,52,Grpvines dwn/dead wood,,This plot bordered a thick patch of hay-scented ferns. It was approximately 10m from 100m plot.
8176,8176_2022_1,Nest,2022,5,19,40.729561,-79.285779,10091,1,2D,Armstrong,Plumcreek,Private,Tree,Partial,2,0.1,0.3,0,0,37.5,100,0,0,9,20,37,4,0,7,Grpvines dwn/dead wood,,
8176,8176_2022_1,North,2022,5,19,40.73024,-79.28538,10091,1,2D,Armstrong,Plumcreek,Private,Tree,Partial,2,0.1,1.2,5,0,97.5,50,0,0,38,22,20,1,0,16,Grpvines dwn/dead wood,,
8176,8176_2022_1,East,2022,5,19,40.729576,-79.28426,10091,1,2D,Armstrong,Plumcreek,Private,Tree,Partial,2,0.2,0.4,2.5,0,60,45,37.5,0,21,31,41,3,0,4,Grpvines dwn/dead wood,,
8176,8176_2022_1,South,2022,5,19,40.72882,-79.28486,10091,1,2D,Armstrong,Plumcreek,Private,Tree,Partial,2,0.1,0.7,2.5,22.5,72.5,92.5,0,0,16,28,21,2,0,11,Grpvines dwn/dead wood,,
8176,8176_2022_1,West,2022,5,19,40.72935,-79.2862,10091,1,2D,Armstrong,Plumcreek,Private,Tree,Partial,2,0.1,1.3,15,0,100,70,0,0,288,0,28,3,0,132,Decid. Non-eric,Non-native Invasive,
8220,8220_2022_1,Nest,2022,5,25,41.19052,-77.01083,10111,1,4D,Lycoming,Armstrong,Private,Tree,Partial,2,0.1,2,70,2.5,0,40,0,0,70,30,0,2,0,1,Evrgrn Shrub,Decid. Eric,lots of laurel/blueberry
8220,8220_2022_1,North,2022,5,25,41.19145,-77.01085,10111,1,4D,Lycoming,Armstrong,Private,Tree,Partial,2,0.7,1.5,90,5,0,47.5,0,0,100,25,0,2,0,8,Evrgrn Shrub,Decid. Eric,lots of laurel/blueberry
8220,8220_2022_1,East,2022,5,25,41.18966,-77.0108,10111,1,4D,Lycoming,Armstrong,Private,Tree,Partial,2,0.4,1.8,90,0,0,22.5,0,0,175,0,0,2,0,10,Evrgrn Shrub,Decid. Eric,lots of laurel/blueberry
8220,8220_2022_1,South,2022,5,25,41.19057,-77.00963,10111,1,4D,Lycoming,Armstrong,Private,Tree,Partial,2,0.5,2,90,0,0,27.5,0,0,88,0,0,2,0,0,Evrgrn Shrub,Decid. Eric,lots of laurel/blueberry
8220,8220_2022_1,West,2022,5,25,41.19046,-77.01202,10111,1,4D,Lycoming,Armstrong,Private,Tree,Partial,2,0.6,0.8,92.5,0,0,45,0,0,60,0,0,2,0,9,Evrgrn Shrub,Decid. Eric,lots of laurel/blueberry
8262,8262_2022_1,Nest,2022,5,10,40.65937,-78.15945,10125,1,4D,Huntingdon,Warriors Mark,Private,Log,Partial,0.2,0.3,2,67.5,7.5,15,100,0,0,183,15,12,3,0,0,,,
8262,8262_2022_1,North,2022,5,10,40.6601,-78.15943,10125,1,4D,Huntingdon,Warriors Mark,Private,Log,Partial,0.2,0.1,2,62.5,7.5,15,100,0,0,310,15,20,3,0,0,,,
8262,8262_2022_1,East,2022,5,10,40.65937,-78.15846,10125,1,4D,Huntingdon,Warriors Mark,Private,Log,Partial,0.2,0.1,2,30,0,10,100,0,0,412,0,18,3,0,0,,,
8262,8262_2022_1,South,2022,5,10,40.65863,-78.15945,10125,1,4D,Huntingdon,Warriors Mark,Private,Log,Partial,0.2,0.1,1,37.5,10,47.5,55,10,0,54,15,25,3,0,0,,,
8262,8262_2022_1,West,2022,5,10,40.65937,-78.16042,10125,1,4D,Huntingdon,Warriors Mark,Private,Log,Partial,0.2,0.1,2,57.5,5,12.5,100,0,0,272,9,27,3,0,0,,,
8265,8265_2022_1,Nest,2022,5,10,40.68287,-78.16817,10122,1,4D,Huntingdon,Warriors Mark,Private,Log,Complete,0.4,0.3,0.7,2.5,0,68,98,2.5,0,457,0,57,21,0,9,,,
8265,8265_2022_1,North,2022,5,10,40.68361,-78.16817,10122,1,4D,Huntingdon,Warriors Mark,Private,Log,Complete,0.4,0.4,0.7,22.5,0,87.5,45,5,0,27,0,23,31,0,0,,,
8265,8265_2022_1,East,2022,5,10,40.68287,-78.1672,10122,1,4D,Huntingdon,Warriors Mark,Private,Log,Complete,0.4,0.2,0.6,48,0,78,87.5,2.5,0,38,0,27,5,0,7,,,
8265,8265_2022_1,South,2022,5,10,40.68213,-78.16816,10122,1,4D,Huntingdon,Warriors Mark,Private,Log,Complete,0.4,0.2,0.6,20,0,50,70,27.5,0,35,0,20,3,0,1,,,
8265,8265_2022_1,West,2022,5,10,40.68287,-78.16914,10122,1,4D,Huntingdon,Warriors Mark,Private,Log,Complete,0.4,0.1,0.1,17.5,5,92.5,27.5,2.5,0,13,20,7,4,0,0,,,
8203,8203_2022_1,Nest,2022,5,18,40.82062,-77.56008,9775,1,4D,Centre,Gregg,Private,Bush,Complete,1,0.7,1.1,70,3,18,8,0,0,95,20,43,2,0,21,Evrgrn Shrub,Decid. Eric,
8203,8203_2022_1,North,2022,5,18,40.982144,-77.56011,9775,1,4D,Centre,Gregg,Private,Bush,Complete,1,0.2,2,65,3,10,57.5,0,2.5,325,6,32,2,0,20,,,
8203,8203_2022_1,East,2022,5,18,40.82076,-77.55902,9775,1,4D,Centre,Gregg,Private,Bush,Complete,1,0.8,1.4,37.5,0,52.5,20,0,0,80,0,83,2,0,5,,,
8203,8203_2022_1,South,2022,5,18,40.81981,-77.56007,9775,1,4D,Centre,Gregg,Private,Bush,Complete,1,0.1,0.1,17.5,0,7.5,85,0,0,563,0,8,2,0,2,,,
8203,8203_2022_1,West,2022,5,18,40.82048,-77.56114,9775,1,4D,Centre,Gregg,Private,Bush,Complete,1,0.5,0.8,62.5,5,32.5,5,0,0,173,25,20,2,0,6,,,
8202,8202_2022_1,Nest,2022,5,20,40.82471,-77.51604,10063,1,4D,Centre,Gregg,Public,Bush,Partial,1,0.6,1.8,85,0,0,85,0,5,188,0,0,2,13,2,Evrgrn Shrub,Decid. Eric,Heavy Mt. Laurel cover with sparse mature white oak and young striped maple. Steep Eastern facing slope leading to a hollow with a small stream.
8202,8202_2022_1,North,2022,5,20,40.825571,-77.516177,10063,1,4D,Centre,Gregg,Public,Bush,Partial,1,0.2,0.4,20,5,0,90,0,22.5,185,23,0,2,6,13,Evrgrn Shrub,Grpvines dwn/dead wood,Relatively open timber on steep talus slope
8202,8202_2022_1,East,2022,5,20,40.82488,-77.51495,10063,1,4D,Centre,Gregg,Public,Bush,Partial,1,0.1,2,92.5,0,0,90,0,0,213,0,0,2,0,4,Evrgrn Shrub,Grpvines dwn/dead wood,?á
8202,8202_2022_1,South,2022,5,20,40.823814,-77.51593,10063,1,4D,Centre,Gregg,Public,Bush,Partial,1,0.1,2,85,2.5,0,90,0,0,138,20,0,2,0,5,Evrgrn Shrub,,
8202,8202_2022_1,West,2022,5,20,40.824552,-77.517229,10063,1,4D,Centre,Gregg,Public,Bush,Partial,1,0.3,1.8,85,0,0,82.5,0,17.5,125,0,0,2,10,2,Evrgrn Shrub,,laurel
8405,8405_2022_1,Nest,2022,5,17,41.17591,-75.91668,10145,1,3D,Luzerne,Rice,Public,Tree,Partial,2,0.1,0.3,40,0,7.5,85,0,75,53,30,30,3,65,11,Grpvines dwn/dead wood,,
8405,8405_2022_1,North,2022,5,17,41.17679,-75.91686,10145,1,3D,Luzerne,Rice,Public,Tree,Partial,2,0.1,1.2,15,10,7.5,57.5,30,60,35,15,10,10,65,40,Grpvines dwn/dead wood,,Abandoned ground blind in SE plot
8405,8405_2022_1,East,2022,5,17,41.17626,-75.91599,10145,1,3D,Luzerne,Rice,Public,Tree,Partial,2,0.1,0.1,22.5,0,10,67.5,15,60,29,0,11,10,43,30,Grpvines dwn/dead wood,,
8405,8405_2022_1,South,2022,5,17,41.17546,-75.91661,10145,1,3D,Luzerne,Rice,Public,Tree,Partial,2,0.1,0.5,15,0,6.7,90,10,5,60,20,23,10,20,40,Grpvines dwn/dead wood,,
8405,8405_2022_1,West,2022,5,17,41.17582,-75.91778,10145,1,3D,Luzerne,Rice,Public,Tree,Partial,2,0.1,0.1,30,0,17.5,85,10,10,60,13,18,10,68,37,Grpvines dwn/dead wood,,
8261,8261_2022_1,Nest,2022,5,13,40.67295,-78.13505,9778,1,4D,Huntingdon,Warriors Mark,Private,Log,Partial,0.2,0.4,1,55,47.5,0,20,0,0,95,20,0,2,0,5,Decid. Non-eric,Grpvines dwn/dead wood,
8261,8261_2022_1,North,2022,5,13,40.673736,-78.135007,9778,1,4D,Huntingdon,Warriors Mark,Private,Log,Partial,0.2,0.1,0.1,12.5,27.5,5,52.5,2.5,0,43,20,8,2,0,1,Grpvines dwn/dead wood,,
8261,8261_2022_1,East,2022,5,13,40.672932,-78.133931,9778,1,4D,Huntingdon,Warriors Mark,Private,Log,Partial,0.2,0.2,0.8,35,5,0,70,2.5,0,58,10,0,2,0,1,Grpvines dwn/dead wood,,
8261,8261_2022_1,South,2022,5,13,40.672097,-78.135024,9778,1,4D,Huntingdon,Warriors Mark,Private,Log,Partial,0.2,0.4,1.1,40,2.5,5,60,0,0,80,20,20,2,0,10,Decid. Eric,,
8261,8261_2022_1,West,2022,5,13,40.672939,-78.136123,9778,1,4D,Huntingdon,Warriors Mark,Private,Log,Partial,0.2,0.3,0.4,55,0,7.5,62.5,0,0,75,0,30,2,0,5,Decid. Eric,,
4419,4419_2022_1,Nest,2022,5,27,40.80244,-77.50207,10126,1,4D,Centre,Penn,Public,Bush,Complete,2,1.4,1.5,100,0,0,100,2.5,0,250,0,0,2,0,5,Evrgrn Shrub,,all laurel
4419,4419_2022_1,North,2022,5,27,40.80332,-77.50216,10126,1,4D,Centre,Penn,Public,Bush,Complete,2,0.7,1.2,70,0,0,52.5,0,0,138,0,0,2,0,3,Evrgrn Shrub,,all laurel
4419,4419_2022_1,East,2022,5,27,40.80246,-77.50087,10126,1,4D,Centre,Penn,Public,Bush,Complete,2,0.2,1,62.5,0,0,42.5,0,32.5,103,0,0,2,25,1,Evrgrn Shrub,,all laurel
4419,4419_2022_1,South,2022,5,27,40.80152,-77.50204,10126,1,4D,Centre,Penn,Public,Bush,Complete,2,0.5,1.3,60,0,0,77.5,0,5,138,0,0,2,20,7,Evrgrn Shrub,,all laurel
4419,4419_2022_1,West,2022,5,27,40.80244,-77.50326,10126,1,4D,Centre,Penn,Public,Bush,Complete,2,0.2,0.6,60,12.5,0,32.5,20,0,250,20,0,2,0,2,Evrgrn Shrub,,all laurel
8483,8483_2022_1,Nest,2022,5,24,40.33763,-75.52419,10106,1,5C,Montgomery,New Hanover,Private,Bush,Complete,1.7,0.6,1.2,25,0,57.5,11.3,0,8.8,114,0,26,2,57,6,Non-native Invasive,Non-native Invasive,
8483,8483_2022_1,East,2022,5,24,40.33753,-75.52299,10106,1,5C,Montgomery,New Hanover,Private,Bush,Complete,1.7,0,0.7,15,0,77.5,8.8,0,5,137,0,30,1,38,8,Non-native Invasive,Non-native Invasive,
8483,8483_2022_1,South,2022,5,24,40.33672,-75.52425,10106,1,5C,Montgomery,New Hanover,Private,Bush,Complete,1.7,0.1,0.4,0,0,100,0,0,0,0,,20,0,0,0,Non-native Invasive,Non-native Invasive,
8189,8189_2022_1,Nest,2022,5,17,40.73663,-79.31372,10146,1,2D,Armstrong,Plumcreek,Private,Log,Partial,0.1,0.3,2,85,0,22.5,22.5,0,0,129,31,19,26,0,245,Non-native Invasive,Grpvines dwn/dead wood,
8189,8189_2022_1,North,2022,5,17,40.73729,-79.31396,10146,1,2D,Armstrong,Plumcreek,Private,Log,Partial,0.1,0.2,1.2,77.5,0,57.5,20,0,0,109,29,33,21,33,161,Decid. Non-eric,Grpvines dwn/dead wood,
8189,8189_2022_1,East,2022,5,17,40.7368,-79.31263,10146,1,2D,Armstrong,Plumcreek,Private,Log,Partial,0.1,0.2,0.6,62.5,30,20,37.5,0,5,75,37,20,18,26,54,Decid. Non-eric,Grpvines dwn/dead wood,
8189,8189_2022_1,South,2022,5,17,40.73581,-79.31352,10146,1,2D,Armstrong,Plumcreek,Private,Log,Partial,0.1,0.1,0.6,62.5,0,75,87.5,0,0,66,13,13,2,0,34,Non-native Invasive,Grpvines dwn/dead wood,
8189,8189_2022_1,West,2022,5,17,40.73654,-79.31448,10146,1,2D,Armstrong,Plumcreek,Private,Log,Partial,0.1,0.1,0.5,5,0,25,27.5,70,0,70,17,7,6,0,16,Grpvines dwn/dead wood,,
8462,8462_2022_1,Nest,2022,6,2,40.41732,-75.60569,10090,1,5C,Berks,Washington,Private,None,,0,0.5,1,0,0,100,0,0,0,0,0,70,0,0,0,,,Nest was in hayfield. Farmer bumped bird off of nest while cuttin. then farmer collected eggs for PGC. No trees no strubs. Nest was within 50m of treeline but no trees in plot. Hayfield was cut so robel is random point and farmer says cut hay was denser.
8462,8462_2022_1,North,2022,6,2,40.41823,-75.60561,10090,1,5C,Berks,Washington,Private,None,,0,0.5,1,0,0,100,0,0,0,0,0,70,0,0,0,,,In mowed hayfield/
8462,8462_2022_1,East,2022,6,2,40.41727,-75.60451,10090,1,5C,Berks,Washington,Private,None,,0,0.7,1.5,0,0,100,0,0,0,0,0,95,0,0,0,,,in unmowed part of field
8462,8462_2022_1,West,2022,6,2,40.41734,-75.60689,10090,1,5C,Berks,Washington,Private,None,,0,0.6,1.5,0,0,100,0,0,0,0,0,60,0,0,0,,,in unmowed part of field
8226,8226_2022_1,Nest,2022,6,2,41.21833,-77.03868,10105,1,4D,Lycoming,Armstrong,Private,Other,Complete,0.5,0.5,0.8,27.5,47.5,12.5,7.5,0,0,70,40,57,2,0,0,Decid. Eric,Decid. Non-eric,on powerline cut.
8226,8226_2022_1,North,2022,6,2,41.21929,-77.03855,10105,1,4D,Lycoming,Armstrong,Private,Other,Complete,0.5,0.2,0.2,12.5,0,67.5,20,0,2.5,400,0,9,2,7,8,Non-native Invasive,,point 30 ft from a house
8226,8226_2022_1,South,2022,6,2,41.2176,-77.0385,10105,1,4D,Lycoming,Armstrong,Private,Other,Complete,0.5,0.1,0.2,17.5,15,0,77.5,0,5,425,40,0,2,8,3,Decid. Eric,,in forest cover
8226,8226_2022_1,West,2022,6,2,41.21841,-77.0396,10105,1,4D,Lycoming,Armstrong,Private,Other,Complete,0.5,0.1,0.1,5,10,42.5,25,22.5,0,70,40,43,2,0,2,Decid. Eric,Decid. Non-eric,on powerline cut.
4662,4662_2022_1,Nest,2022,5,31,41.33588,-75.09927,10143,1,3D,Pike,Blooming Grove,Private,Bush,Complete,1,0.7,1.3,52.5,40,32.5,16.7,30,10,68,38,16,2,30,1,Decid. Eric,,NW quadrant counted moss as bare ground
4662,4662_2022_1,North,2022,5,31,41.33674,-75.09931,10143,1,3D,Pike,Blooming Grove,Private,Bush,Complete,1,0.4,1.2,90,10,0,12.5,0,5,80,30,5,2,13,24,Decid. Eric,Grpvines dwn/dead wood,
4662,4662_2022_1,East,2022,5,31,41.33586,-75.09808,10143,1,3D,Pike,Blooming Grove,Private,Bush,Complete,1,0.1,0.7,87.5,0,10,17.5,10,10,89,0,7,2,63,5,Decid. Eric,,NW quadrant counted moss as bare ground
4662,4662_2022_1,South,2022,5,31,41.3351256,-75.0989479,10143,1,3D,Pike,Blooming Grove,Private,Bush,Complete,1,0,1.3,27.5,0,35,80,32.5,13.3,106,10,6,2,55,34,Evrgrn Shrub,Decid. Eric,All quadrants counted moss as bare ground
4662,4662_2022_1,West,2022,5,31,41.3356563,-75.1003068,10143,1,3D,Pike,Blooming Grove,Private,Bush,Complete,1,0.1,0.6,70,15,20,10,0,0,46,12,10,1,15,0,Decid. Eric,,
4255,4255_2022_1,Nest,2022,5,26,41.5281937,-75.3957484,10095,1,3D,Wayne,South Canaan,Private,None,,0,0.4,0.8,10,0,87.5,27.5,10,0,15,0,63,3,0,0,Grpvines dwn/dead wood,,Hay trailer in SW quadrant covering 10% bare ground
4255,4255_2022_1,North,2022,5,26,41.529085,-75.396185,10095,1,3D,Wayne,South Canaan,Private,None,,0,0.2,0.4,30,0,75,20,20,20,48,0,63,4,40,5,Decid. Non-eric,,NW quadrant hay bail makes 10% of bare ground
4255,4255_2022_1,East,2022,5,26,41.52838,-75.39454,10095,1,3D,Wayne,South Canaan,Private,None,,0,0,0,0,0,0,0,0,0,0,0,0,0,0,0,,,Unable to conduct due to survey area being landowners house
4255,4255_2022_1,South,2022,5,26,41.527399,-75.395294,10095,1,3D,Wayne,South Canaan,Private,None,,0,0.1,0.6,10,0,90,10,10,0,54,60,59,6,0,2,,,NE & SE quadrant have fence line covering 10% of plots
4255,4255_2022_1,West,2022,5,26,41.52908,-75.39701,10095,1,3D,Wayne,South Canaan,Private,None,,0,0.1,0.6,22.5,7.5,0,90,0,25,17,24,10,5,75,33,Grpvines dwn/dead wood,,
8188,8188_2022_1,Nest,2022,5,31,40.71427,-79.30402,10142,1,2D,Armstrong,Plumcreek,Private,Slash,Partial,1.7,0.6,1.3,60,0,62.5,12.5,0,0,129,0,57,4,0,35,Decid. Non-eric,Grpvines dwn/dead wood,
8188,8188_2022_1,North,2022,5,31,40.71514,-79.30419,10142,1,2D,Armstrong,Plumcreek,Private,Slash,Partial,1.7,0.3,0.6,25,0,83,2.5,0,0,116,0,77,18,0,177,Decid. Non-eric,Grpvines dwn/dead wood,
8188,8188_2022_1,East,2022,5,31,40.71442,-79.30286,10142,1,2D,Armstrong,Plumcreek,Private,Slash,Partial,1.7,0.3,1.65,93,2.5,75,12.5,0,0,198,69,102,29,0,732,Non-native Invasive,Grpvines dwn/dead wood,
8188,8188_2022_1,South,2022,5,31,40.71339,-79.30389,10142,1,2D,Armstrong,Plumcreek,Private,Slash,Partial,1.7,0.4,0.8,15,0,100,0,0,0,98,0,82,10,0,41,Decid. Non-eric,,
8188,8188_2022_1,West,2022,5,31,40.71403,-79.30516,10142,1,2D,Armstrong,Plumcreek,Private,Slash,Partial,1.7,0.4,1.1,2.5,0,100,7.5,0,0,120,0,62,12,0,23,Non-native Invasive,,
8211,8211_2022_1,Nest,2022,6,1,40.96927,-78.17548,10060,1,4D,Clearfield,Morris,Private,Tree,Partial,2,0.2,2,22.5,0,77.5,0,0,0,600,0,60,0,0,38,Decid. Eric,Decid. Non-eric,
8211,8211_2022_1,North,2022,6,1,40.97053,-78.17541,10060,1,4D,Clearfield,Morris,Private,Tree,Partial,2,0.3,0.9,32.5,0,80,5,0,0,775,0,25,2,0,4,Non-native Invasive,,japanese barberry
8211,8211_2022_1,South,2022,6,1,40.96834,-78.17555,10060,1,4D,Clearfield,Morris,Private,Tree,Partial,2,0.2,2,40,0,57.5,35,0,0,500,0,23,2,0,80,Non-native Invasive,Grpvines dwn/dead wood,non-native = barberry
8211,8211_2022_1,West,2022,6,1,40.96952,-78.17654,10060,1,4D,Clearfield,Morris,Private,Tree,Partial,2,0.1,1.9,50,0,10,12.5,35,0,300,0,10,2,0,96,Decid. Eric,,
8209,8209_2022_1,Nest,2022,6,1,40.98037,-78.16261,9777,1,4D,Clearfield,Cooper,Private,Other,Complete,0.7,0.7,1.1,12.5,0,82.5,0,0,0,283,0,60,0,0,13,Non-native Invasive,,grassland not a lot of woody structure
8209,8209_2022_1,North,2022,6,1,40.98112,-78.16263,9777,1,4D,Clearfield,Cooper,Private,Other,Complete,0.7,0.1,0.2,0,0,72.5,0,27.5,0,0,0,40,0,0,5,,,grassland not a lot of woody structure
8209,8209_2022_1,East,2022,6,1,40.98039,-78.16126,9777,1,4D,Clearfield,Cooper,Private,Other,Complete,0.7,0.2,1.2,20,0,80,0,0,0,533,0,40,0,0,10,,,grassland not a lot of woody structure
8209,8209_2022_1,South,2022,6,1,40.97956,-78.16256,9777,1,4D,Clearfield,Cooper,Private,Other,Complete,0.7,0.3,0.5,30,0,70,0,0,0,400,0,40,0,0,39,,,grassland not a lot of woody structure
8209,8209_2022_1,West,2022,6,1,40.98058,-78.16387,9777,1,4D,Clearfield,Cooper,Private,Other,Complete,0.7,0.3,0.7,0,0,100,0,0,0,0,0,70,0,0,0,,,grassland not a lot of woody structure
8224,8224_2022_1,Nest,2022,5,20,41.20988,-77.01619,10113,1,4D,Lycoming,Armstrong,Private,Tree,Partial,2,0.6,2,25,5,10,92.5,3,0,325,8,15,2,0,26,,,not a lot of woody shrubs
8224,8224_2022_1,East,2022,5,20,41.209833,-77.015027,10113,1,4D,Lycoming,Armstrong,Private,Tree,Partial,2,0.1,0.6,17.5,5,12.5,17.5,27.5,5,233,18,20,2,20,13,Decid. Eric,,
8224,8224_2022_1,South,2022,5,20,41.208988,-77.016068,10113,1,4D,Lycoming,Armstrong,Private,Tree,Partial,2,0.1,1.7,35,0,0,82.5,0,4,350,0,0,2,6,19,Evrgrn Shrub,,
8224,8224_2022_1,West,2022,5,20,41.209786,-77.01737,10113,1,4D,Lycoming,Armstrong,Private,Tree,Partial,2,0.1,2,57.5,0,12.5,87.5,0,0,250,0,13,2,0,41,Evrgrn Shrub,,
8217,8217_2022_1,Nest,2022,6,2,41.19114,-77.02936,10107,1,4D,Lycoming,Armstrong,Private,Tree,Partial,2,0.6,1.6,80,45,0,70,0,65,375,20,0,2,0,148,Decid. Eric,,"lots of small trees (148 is correct for stem count), sweet fern dominate ericaceous plant"
8217,8217_2022_1,North,2022,6,2,41.19238,-77.02977,10107,1,4D,Lycoming,Armstrong,Private,Tree,Partial,2,0.1,0.1,33,45,0,33,0,0,400,40,0,2,0,48,Non-native Invasive,Decid. Eric,japanese barberry and sweet fern
8217,8217_2022_1,East,2022,6,2,41.1913,-77.0267,10107,1,4D,Lycoming,Armstrong,Private,Tree,Partial,2,0.1,0.2,30,33,0,70,2.5,0,288,28,0,2,0,48,Decid. Eric,,"mostly blueberry, (both east and north both had 48 stems)"
8217,8217_2022_1,South,2022,6,2,41.18928,-77.02867,10107,1,4D,Lycoming,Armstrong,Private,Tree,Partial,2,0.2,2,80,0,0,10,0,15,185,0,0,2,18,51,Decid. Eric,,mostly blueberry
8217,8217_2022_1,West,2022,6,2,41.19024,-77.03124,10107,1,4D,Lycoming,Armstrong,Private,Tree,Partial,2,0.2,0.4,28,0,15,48,0,0,500,0,2,2,0,13,Decid. Eric,,
8501,8501_2022_1,Nest,2022,6,2,40.42352,-75.91385,10073,1,5C,Berks,Muhlenberg,Private,Tree,Partial,2,1.3,2,12.5,0,77.5,10,0,0,163,0,113,2,0,3,Decid. Eric,Decid. Non-eric,"Nest is in poweline Clearing overgrown with wast high herbaceas vegetation and some scatterd thorny shrubs. Tree as guard object dbh <4, most of nest is obscured by herbceas vegetation."
8501,8501_2022_1,North,2022,6,2,40.42442,-75.91386,10073,1,5C,Berks,Muhlenberg,Private,Tree,Partial,2,1.5,1.8,52.5,0,22.5,22.5,2.5,0,158,0,7,2,0,133,Decid. Non-eric,Non-native Invasive,
8501,8501_2022_1,West,2022,6,2,40.42349,-75.91507,10073,1,5C,Berks,Muhlenberg,Private,Tree,Partial,2,1.2,1.1,2.5,0,92.5,10,0,0,150,0,105,2,0,2,Non-native Invasive,,
8501,8501_2022_1,East,2022,6,2,40.42349,-75.91268,10073,1,5C,Berks,Muhlenberg,Private,Tree,Partial,2,0.9,1,0,0,100,10,0,0,0,0,100,2,0,0,,,
8501,8501_2022_1,South,2022,6,2,40.42258,-75.9139,10073,1,5C,Berks,Muhlenberg,Private,Tree,Partial,2,0.1,0.4,5,5,80,10,0,0,43,70,14,9,0,7,Decid. Non-eric,Non-native Invasive,
8460,8460_2022_1,Nest,2022,6,2,40.41735,-75.60377,10087,1,5C,Berks,Washington,Private,None,,0,0.4,1.9,0,0,100,0,0,0,0,0,70,0,0,0,,,This nest was in the middle of a hayfield
8460,8460_2022_1,North,2022,6,2,40.41824,-75.60373,10087,1,5C,Berks,Washington,Private,None,,0,0.3,1.1,0,0,70,22.5,5,0,0,0,71,5,0,0,,,No trees this point was in stear pen.
8460,8460_2022_1,East,2022,6,2,40.41728,-75.60258,10087,1,5C,Berks,Washington,Private,None,,0,0.7,1.5,0,0,100,0,0,0,0,0,80,0,0,0,,,"In hayfield, partially cut, no trees"
8460,8460_2022_1,West,2022,6,2,40.41739,-75.60494,10087,1,5C,Berks,Washington,Private,None,,0,0.5,1.2,0,0,100,0,0,0,0,0,60,0,,0,,,"In hayfield, no trees or shrubs. Plot was partially cut but all robel readings within unmowed grassy/hayfield portion"
8264,8264_2022_1,Nest,2022,6,13,40.66551,-78.1695,10128,1,4D,Huntingdon,Warriors Mark,Private,Tree,Complete,1.5,1.2,1.8,35,0,62.5,0,2.5,0,400,0,125,0,0,6,,,
8264,8264_2022_1,South,2022,6,13,40.66457,-78.16947,10128,1,4D,Huntingdon,Warriors Mark,,Tree,Complete,1.5,0.1,0.1,0,0,100,0,0,0,0,0,10,0,0,0,,,
8264,8264_2022_1,West,2022,6,13,40.66535,-78.1707,10128,1,4D,Huntingdon,Warriors Mark,Private,Tree,Complete,1.5,0.1,0.1,0,0,100,0,0,0,0,0,10,0,0,0,,,
8207,8207_2022_1,Nest,2022,6,14,40.85438,-77.48577,9776,1,4D,Centre,Penn,Private,Other,Partial,1.7,0.6,1.6,45,30,0,30,0,5,275,30,0,2,15,31,Decid. Eric,Grpvines dwn/dead wood,
8207,8207_2022_1,North,2022,6,14,40.85527,-77.48583,9776,1,4D,Centre,Penn,Private,Other,Partial,1.7,0.2,0.8,22.5,35,12.5,10,15,0,300,100,20,2,0,21,Decid. Eric,Non-native Invasive,
8207,8207_2022_1,East,2022,6,14,40.85448,-77.48457,9776,1,4D,Centre,Penn,Private,Other,Partial,1.7,0.1,0.3,25,25,5,47.5,0,0,300,30,10,2,0,20,Decid. Eric,,
8207,8207_2022_1,West,2022,6,14,40.8544,-77.48695,9776,1,4D,Centre,Penn,Private,Other,Partial,1.7,0.6,0.8,2.5,90,5,2.5,0,0,300,100,80,2,0,0,Decid. Eric,,
8461,8461_2022_1,Nest,2022,6,13,40.42838,-75.59418,10082,1,5C,Berks,Hereford,Private,Tree,Complete,2,0,1,17.5,0,12.5,97.5,2.5,0,58,0,30,5,0,9,Decid. Non-eric,,"Nest was a base of a large oak tree, much old growth not a lot of understory"
8461,8461_2022_1,East,2022,6,13,40.42837,-75.59299,10082,1,5C,Berks,Washington,Private,Tree,Complete,2,0,0.7,60,5,40,90,0,5,110,35,17,3,12,36,Decid. Non-eric,,"Middle of old Growth forest, with understory"
8461,8461_2022_1,West,2022,6,13,40.42837,-75.59536,10082,1,5C,Berks,Washington,Private,Tree,Complete,2,0,0,15,0,65,17.5,7.5,2.5,150,0,3,10,20,19,Decid. Non-eric,,
8461,8461_2022_1,South,2022,6,13,40.42814,-75.59368,10082,1,5C,Berks,Hereford,Private,Tree,Complete,2,0,1.1,17.5,2.5,37.5,92.5,5,2.5,57,45,20,7,16,29,Decid. Non-eric,,Plot was about 10 meters off of a private driveway.
8473,8473_2022_1,Nest,2022,6,9,40.4876,-75.15018,10120,1,5C,Bucks,Tinicum,Private,None,,0,0.2,1.1,0,0,100,52.5,0,0,0,0,65,1,0,0,,,Nest under cedar tree but not at base of cedar tree. In hayfield/fallowfield. Only one bush in plot-raspberries. Previously recorded as nest 2 but nest was actually nest 3 corrected 8/5 RB. No nest check or veg plot completed for nest 2
8473,8473_2022_1,South,2022,6,9,40.48689,-75.15021,10120,1,5C,Bucks,Tinicum,Private,None,,0,0,0.2,40,0,27.5,60,27.5,5,99,0,11,1,10,18,Decid. Non-eric,Non-native Invasive,Plot along creek bank. Creek in plot
8473,8473_2022_1,West,2022,6,9,40.48771,-75.15136,10120,1,5C,Bucks,Tinicum,Private,None,,0,0,0.1,0,0,100,100,0,0,0,0,5,1,0,0,,,In mowed lawn with fence and some trees. Just glass lawn mowed
8472,8472_2022_1,Nest,2022,6,7,40.47544,-75.14183,10055,1,5C,Bucks,Tinicum,Private,Tree,Complete,2,0.3,1.6,47.5,0,30,40,0,0,73,0,55,1,0,0,Decid. Non-eric,Grpvines dwn/dead wood,Nest bowl in raspberry thicket with mature trees/snags on hill ~100m from stream
8472,8472_2022_1,North,2022,6,7,40.47635,-75.14138,10055,1,5C,Bucks,Tinicum,Private,Tree,Complete,2,0.1,0.4,20,0,72.5,10,0,0,65,0,23,1,0,0,Decid. Non-eric,,Mixed raspberry and grasses in cedar grove. Some ash trees mixed throughout plot DBH
8472,8472_2022_1,West,2022,6,7,40.47544,-75.14301,10055,1,5C,Bucks,Tinicum,Private,Tree,Complete,2,0,0.6,12.5,0,92.5,100,0,0,47,0,40,1,0,0,Decid. Non-eric,Grpvines dwn/dead wood,Cedar/oak grove with unmaintained trail throughout
8472,8472_2022_1,South,2022,6,7,40.47445,-75.14199,10055,1,5C,Bucks,Tinicum,Private,Tree,Complete,2,0.4,1.7,55,0,45,87.5,0,0,125,0,19,1,0,10,Non-native Invasive,,Ash/maple stand with honeysuckle < 100m from residential backyard and <100m from stream
8472,8472_2022_1,East,2022,6,7,40.47549,-75.14072,10055,1,5C,Bucks,Tinicum,Private,Tree,Complete,2,0,0.6,15,0,82.5,95,5,0,53,0,40,1,0,2,Decid. Non-eric,Non-native Invasive,Just inside woods off of fallow field
4660,4660_2022_1,Nest,2022,6,10,41.33749,-75.1181,10078,1,3D,Pike,Blooming Grove,Private,Bush,Complete,1.2,0.3,1.1,72.5,25,43.5,12.5,5,0,73,70,20,2,15,70,Decid. Eric,Non-native Invasive,
4660,4660_2022_1,North,2022,6,10,41.33832,-75.11821,10078,1,3D,Pike,Blooming Grove,Private,Bush,Complete,1.2,0.3,0.7,10,97.5,10,47.5,0,0,80,80,4,2,0,0,Grpvines dwn/dead wood,,
4660,4660_2022_1,East,2022,6,10,41.33767,-75.11701,10078,1,3D,Pike,Blooming Grove,Private,Bush,Complete,1.2,0.6,1.7,10,95,10,32.5,10,0,103,90,3,2,0,17,Decid. Eric,Grpvines dwn/dead wood,
4660,4660_2022_1,South,2022,6,10,41.33672,-75.11785,10078,1,3D,Pike,Blooming Grove,Private,Bush,Complete,1.2,0.4,1,70,25,17.5,65,10,0,98,60,10,2,10,99,Decid. Eric,,
4660,4660_2022_1,West,2022,6,10,41.33732,-75.11915,10078,1,3D,Pike,Blooming Grove,Private,Bush,Complete,1.2,0.7,1.2,100,3.3,22.5,12.5,0,0,113,47,20,2,0,28,Decid. Eric,Evrgrn Shrub,
4605,4605_2022_1,Nest,2022,6,14,40.840057,-75.421003,10139,1,3D,Monroe,Eldred,Public,Bush,Partial,1.2,0.7,1.4,32.5,20,57.5,12.5,0,0,108,70,38,2,0,28,Non-native Invasive,,Field was mowed at west flag on private Property
4605,4605_2022_1,North,2022,6,14,40.84086,-75.42128,10139,1,3D,Monroe,Eldred,Public,Bush,Partial,1.2,0.6,1.4,52.5,57.5,12.5,42.5,20,10,125,63,11,2,30,125,Non-native Invasive,,
4605,4605_2022_1,East,2022,6,14,40.84021,-75.41992,10139,1,3D,Monroe,Eldred,Public,Bush,Partial,1.2,0.2,1.3,15,0,95,17.5,0,0,105,0,60,2,0,5,Grpvines dwn/dead wood,,
4605,4605_2022_1,South,2022,6,14,40.83927,-75.42075,10139,1,3D,Monroe,Eldred,Private,Bush,Partial,1.2,0,0.2,5,0,97.5,10,0,0,65,0,10,2,0,0,Non-native Invasive,,
4605,4605_2022_1,West,2022,6,14,40.83983,-75.42221,10139,1,3D,Monroe,Eldred,Private,Bush,Partial,1.2,0,0.2,0,0,100,10,0,0,0,0,10,2,0,0,,,Recently mowed field on private property.
8263,8263_2022_1,Nest,2022,6,14,40.66334,-78.17864,10061,1,4D,Huntington,Warriors Mark,Private,Bush,Partial,0.6,0.5,1.3,100,0,0,0,0,0,200,0,0,0,0,6,Decid. Non-eric,,all blackberry
8263,8263_2022_1,North,2022,6,14,40.66429,-78.17873,10061,1,4D,Huntington,Warriors Mark,Private,Bush,Partial,0.6,0.3,1.7,67.5,2.5,37.5,5,0,0,150,40,90,2,0,30,Non-native Invasive,,made up of honeysuckle and multiflora rose
8263,8263_2022_1,East,2022,6,14,40.66342,-78.17749,10061,1,4D,Huntington,Warriors Mark,Private,Bush,Partial,0.6,0.5,0.6,30,0,30,0,40,0,250,0,42,0,0,7,Non-native Invasive,,"on roadside, prodimentaly honeysuckle"
8263,8263_2022_1,South,2022,6,14,40.66248,-78.17864,10061,1,4D,Huntington,Warriors Mark,Private,Bush,Partial,0.6,0.7,1.3,0,0,100,0,0,0,0,0,100,0,0,12,,,"grassland, no significant woody structure."
8263,8263_2022_1,West,2022,6,14,40.66324,-78.17985,10061,1,4D,Huntington,Warriors Mark,Private,Bush,Partial,0.6,0.2,0.9,60,0,10,40,0,0,175,0,10,2,0,8,decid. Non-eric,,"mostly blackberry, a few blueberry bushes"
8191,8191_2022_1,Nest,2022,5,27,40.72581,-79.29046,10101,1,2D,Armstrong,Plumcreek,Private,Log,Partial,2,0.2,1.3,37.5,0,38,87.5,0,0,77,24,20,4,0,68,grpvns dwn/dead wood,,
8191,8191_2022_1,North,2022,5,27,40.72668,-79.2905,10101,1,2D,Armstrong,Plumcreek,Private,Log,Partial,2,0.13,0.13,22.5,0,40,45,12.5,0,81,0,19,2,0,38,grpvns dwn/dead wood,,
8191,8191_2022_1,East,2022,5,27,40.72603,-79.28927,10101,1,2D,Armstrong,Plumcreek,Private,Log,Partial,2,0.5,1.1,2.5,0,100,23,0,0,92,58,64,3,0,5,grpvns dwn/dead wood,,
8191,8191_2022_1,South,2022,5,27,40.72498,-79.29006,10101,1,2D,Armstrong,Plumcreek,Private,Log,Partial,2,3,0,93,63,0,0,0,0,73,21,36,2,0,11,grpvns dwn/dead wood,,
8172,8172_2022_1,East,2022,6,17,40.733907,-79.293602,10115,1,2D,Armstrong,Plumcreek,Private,Other,Partial,1.3,0.2,1.3,0,0,100,10,0,0,61,0,98,3,0,0,Non-native Invasive,,
8172,8172_2022_1,South,2022,6,17,40.73274,-79.29417,10115,1,2D,Armstrong,Plumcreek,Private,Other,Partial,1.3,0.3,1,0,0,100,0,0,0,56,0,94,0,0,2,Non-native Invasive,,
8172,8172_2022_1,West,2022,6,17,40.733381,-79.295587,10115,1,2D,Armstrong,Plumcreek,Private,Other,Partial,1.3,0.2,1,90,0,45,40,0,0,200,73,74,8,0,255,Non-native Invasive,,
8174,8174_2022_1,Nest,2022,6,6,40.73437,-79.31906,10068,1,2D,Armstrong,Plumcreek,Private,Tree,Partial,1.7,0.2,1.3,55,0,92.5,87.5,0,0,72,0,44,23,0,4,Decid. Eric,Decid. Non-eric,
8174,8174_2022_1,North,2022,6,6,40.73517,-79.3195,10068,1,2D,Armstrong,Plumcreek,Private,Tree,Partial,1.7,1.2,1.4,75,0,77.5,85,0,0,82,0,76,21,0,33,Decid. Eric,Decid. Non-eric,
8174,8174_2022_1,East,2022,6,6,40.73464,-79.31797,10068,1,2D,Armstrong,Plumcreek,Private,Tree,Partial,1.7,0.7,1.1,50,2.5,100,42.5,0,0,157,49,55,2,0,172,Non-native Invasive,,
8174,8174_2022_1,South,2022,6,6,40.73352,-79.31868,10068,1,2D,Armstrong,Plumcreek,Private,Tree,Partial,1.7,0.1,0.8,12.5,0,100,35,0,0,92,0,42,44,0,2,Decid. Eric,,
8174,8174_2022_1,West,2022,6,6,40.73417,-79.32026,10068,1,2D,Armstrong,Plumcreek,Private,Tree,Partial,1.7,0.2,0.7,77.5,5,80,82.5,0,0,151,63,73,4,0,370,Non-native Invasive,,
8176,8176_2022_2,Nest,2022,6,21,40.73501,-79.28994,10091,2,2D,Armstrong,Plumcreek,Private,Bush,Partial,1.3,0.4,1,32.5,0,80,92.5,0,0,71,33,27,6,0,13,Decid. Non-eric,Non-native Invasive,
8176,8176_2022_2,East,2022,6,21,40.73501,-79.28894,10091,2,2D,Armstrong,Plumcreek,Private,Bush,Partial,1.3,0.3,0.8,53,0,90,67.5,0,0,110,0,61,10,0,55,Decid. Non-eric,Grpvines dwn/dead wood,
8176,8176_2022_2,South,2022,6,21,40.73404,-79.29011,10091,2,2D,Armstrong,Plumcreek,Private,Bush,Partial,1.3,0.1,0.5,0,0,100,10,0,0,31,0,32,9,0,0,,,
8176,8176_2022_2,West,2022,6,21,40.7348,-79.29103,10091,2,2D,Armstrong,Plumcreek,Private,Bush,Partial,1.3,0.1,0.5,100,0,67.5,100,0,0,67,39,18,5,0,8,Decid. Non-eric,,
8168,8168_2022_1,Nest,2022,6,3,40.74031,-79.31179,10080,1,2D,Armstrong,Plumcreek,Private,Bush,Partial,2,0.3,2,65,0,97.5,30,0,0,181,16,58,2,0,229,Non-native Invasive,,
8168,8168_2022_1,North,2022,6,3,40.74011,-79.31341,10080,1,2D,Armstrong,Plumcreek,Private,Bush,Partial,2,0.1,1.7,87.5,0,15,97.5,0,0,198,14,17,2,0,300,Non-native Invasive,Grpvines dwn/dead wood,
8168,8168_2022_1,East,2022,6,3,40.73943,-79.31208,10080,1,2D,Armstrong,Plumcreek,Private,Bush,Partial,2,0.1,0.1,15,0,0,100,0,0,25,51,21,3,0,39,Grpvines dwn/dead wood,,
8168,8168_2022_1,South,2022,6,3,40.73875,-79.3129,10080,1,2D,Armstrong,Plumcreek,Private,Bush,Partial,2,0.2,1.2,42.5,0,55,52.5,0,0,115,24,31,2,0,145,Non-native Invasive,Grpvines dwn/dead wood,
8168,8168_2022_1,West,2022,6,3,40.7394,-79.31431,10080,1,2D,Armstrong,Plumcreek,Private,Bush,Partial,2,0.3,2,50,0,82.5,47.5,0,0,123,22,34,2,0,176,Non-native Invasive,Grpvines dwn/dead wood,
8189,8189_2022_2,Nest,2022,6,23,40.73551,-79.28616,10146,2,2D,Armstrong,Plumcreek,Private,Man-made Object,Partial,1,0.1,0.8,57.5,0,87.5,10,10,0,112,0,60,4,0,55,Non-native Invasive,Grpvines dwn/dead wood,
8189,8189_2022_2,North,2022,6,23,40.73642,-79.2862,10146,2,2D,Armstrong,Plumcreek,Private,Man-made Object,Partial,2,0.5,0.4,7.5,0,100,20,0,0,27,0,61,18,0,3,,,
8189,8189_2022_2,East,2022,6,23,40.73556,-79.28496,10146,2,2D,Armstrong,Plumcreek,Private,Man-made Object,Partial,3,0.3,0.3,17.5,45,10,100,0,0,21,49,18,5,0,4,Grpvines dwn/dead wood,,
8189,8189_2022_2,South,2022,6,23,40.7346,-79.2861,10146,2,2D,Armstrong,Plumcreek,Private,Man-made Object,Partial,4,0.4,0.4,0,0,100,0,0,0,37,0,42,0,0,0,Decid. Non-eric,,
8189,8189_2022_2,West,2022,6,23,40.73543,-79.28735,10146,2,2D,Armstrong,Plumcreek,Private,Man-made Object,Partial,5,0.5,0.5,37.5,77.5,15,45,0,0,70,79,52,4,0,,,,
8455,8455_2022_1,Nest,2022,6,28,40.78881,-75.56572,10108,1,5C,Northampton,Lehigh,Public,Bush,Partial,1.2,0.5,1,75,30,17.5,47.5,20,0,85,83,10,2,10,225,Decid. Non-eric,,
8455,8455_2022_1,North,2022,6,28,40.78961,-75.56584,10108,1,5C,Northampton,Lehigh,Public,Bush,Partial,1.2,1.2,1.9,100,0,0,77.5,0,0,118,0,0,3,0,233,Decid. Non-eric,,
8455,8455_2022_1,East,2022,6,28,40.78906,-75.56468,10108,1,5C,Northampton,Lehigh,Public,Bush,Partial,1.2,0,0.8,65,10,0,87.5,0,0,100,60,5,3,0,255,Decid. Non-eric,,
8455,8455_2022_1,South,2022,6,28,40.78791,-75.56555,10108,1,5C,Northampton,Lehigh,Private,Bush,Partial,1.2,0.1,0.3,10,0,75,32.5,5,0,60,0,10,2,0,20,Grpvines dwn/dead wood,,
8455,8455_2022_1,West,2022,6,28,40.78845,-75.56686,10108,1,5C,Northampton,Lehigh,Private,Bush,Partial,1.2,0.2,1.2,52.5,3.3,22.5,67.5,0,0,95,57,10,2,0,168,Decid. Non-eric,,
8483,8483_2022_2,Nest,2022,6,28,40.33602,-75.52905,10106,2,5C,Montgomery,New Hanover,Private,None,,0,0.3,1.7,0,0,100,20,0,0,0,0,100,1,0,0,,,plot in unmowed hayfield - no trees or shrubs. killsite at nest area for hen mortality. was anticipated to hatch 6/30 and was attacked 6/24-6/25 evening
8483,8483_2022_2,West,2022,6,28,40.33602,75.53023,10106,2,5C,Montgomery,New Hanover,Private,None,,0,0.3,1.5,0,0,100,20,0,0,0,0,100,1,0,0,,,"plot in hayfield with no shrubs or trees, west of nest in same hayfield as nest closer to treeline of woods though. large fox seen in woods while conducting this veg plot curvey"
8483,8483_2022_2,East,2022,6,28,40.33602,75.52787,10106,2,5C,Montgomery,New Hanover,Private,None,,0,0.1,0.6,0,0,90,20,0,0,0,0,10,1,0,,,,"plot in horse/sheep pasture behind residence. residence around 100 meters away, turkeys seen running though this area while we were on site"
8483,8483_2022_2,South,2022,6,28,40.33513,75.52906,10106,2,5C,Montgomery,New Hanover,Private,None,,0,0.1,0.2,22.5,0,10,65,2.5,10,19,0,12,8,43,14,Decid. Non-eric,Non-native Invasive,in woods near clearing in woods. turkeys known to roost in this area.
8483,8483_2022_2,North,2022,6,28,40.33691,75.52908,10106,2,5C,Montgomery,New Hanover,Private,None,,0,0.2,0.4,0,0,100,10,0,0,0,0,20,1,0,,,,no trees or shrubs - in horse pasture on top of a hill
4255,4255_2022_2,Nest,2022,7,6,41.52552,-75.39727,10095,2,3D,Wayne,South Canaan,Private,None,Partial,0,0,0.1,0,0,100,0,0,0,0,0,60,0,0,0,,,Hay field was cut and raked before nest was visited. Field was baled following nest visit
4255,4255_2022_2,North,2022,7,6,41.52634,-75.3974,10095,2,3D,Wayne,South Canaan,Private,None,Partial,0,0.2,0.6,22.5,42.5,25,20,0,0,83,48,28,1,10,55,Decid. Eric,,
4255,4255_2022_2,East,2022,7,6,41.5256358,-75.3961484,10095,2,3D,Wayne,South Canaan,Private,None,Partial,0,0.7,1.3,0,0,100,5,0,0,60,0,120,6,0,0,,,High grassy edge of field. No trees.
4255,4255_2022_2,South,2022,7,6,41.52464,-75.39705,10095,2,3D,Wayne,South Canaan,Private,None,Partial,0,0,0.1,0,0,100,0,0,0,0,0,60,0,0,0,,,Completely in hay field.
4255,4255_2022_2,West,2022,7,6,41.52543,-75.39825,10095,2,3D,Wayne,South Canaan,Private,None,Partial,0,0.4,1.3,57.5,17.5,50,32.5,10,7.5,148,48,33,1,10,331,Decid. Eric,,
8177,8177_2022_1,Nest,2022,6,24,40.923311,-79.452118,10100,1,2D,Armstrong,Pine,Private,Bush,Partial,2,0.7,1.7,85,0,27.5,10,0,0,125,0,50,5,0,70,Evrgrn Shrub,,
8177,8177_2022_1,North,2022,6,24,40.92422,-79.45196,10100,1,2D,Armstrong,Pine,Public,Bush,Partial,2,0.1,0.1,15,15,12.5,100,0,25,18,63,12,4,,136,,,
8177,8177_2022_1,East,2022,6,24,40.92343,-79.45093,10100,1,2D,Armstrong,Pine,Private,Bush,Partial,2,0.3,0.9,72.5,0,65,45,0,0,65,0,58,45,0,8,Decid. Eric,,
8177,8177_2022_1,South,2022,6,24,40.92244,-79.45225,10100,1,2D,Armstrong,Pine,Private,Bush,Partial,2,0.1,0.1,30,0,0,100,0,0,39,0,0,5,0,35,,,
8177,8177_2022_1,West,2022,6,24,40.92334,-79.4533,10100,1,2D,Armstrong,Pine,Public,Bush,Partial,2,0.1,0.4,12.5,80,50,92.5,0,0,26,86,41,6,0,2,,,
8173,8173_2022_1,Nest,2022,7,6,40.72395,-79.28817,10097,1,2D,Armstrong,Plumcreek,Private,Bush,Partial,1.3,0.5,1.2,7.5,0,100,10,0,0,115,0,63,5,0,18,Non-native Invasive,,
8173,8173_2022_1,North,2022,7,6,40.7248,-79.28806,10097,1,2D,Armstrong,Plumcreek,Private,Bush,Partial,1.3,0.3,1,0,0,100,10,0,0,70,0,77,15,0,0,,,
8173,8173_2022_1,East,2022,7,6,70.72393,-79.28696,10097,1,2D,Armstrong,Plumcreek,Private,Bush,Partial,1.3,0.7,1.6,10,0,55,10,0,0,191,0,103,3,0,45,Decid. Non-eric,,
8173,8173_2022_1,South,2022,7,6,40.72302,-79.28811,10097,1,2D,Armstrong,Plumcreek,Private,Bush,Partial,1.3,0.5,1.1,2.5,0,100,10,0,0,161,0,87,3,0,2,,,
8173,8173_2022_1,West,2022,7,6,40.72392,-79.28934,10097,1,2D,Armstrong,Plumcreek,Private,Bush,Partial,1.3,0.7,0.9,7.5,0,100,10,0,0,172,0,86,4,0,86,Non-native Invasive,,
4603,4603_2022_1,Nest,2022,7,12,40.81413,-75.40595,10121,1,3D,Northampton,Moore,Private,Bush,Partial,1,0.7,1.4,30,0,75,0,0,0,293,60,109,2,0,149,Non-native Invasive,Grpvines dwn/dead wood,
4603,4603_2022_1,East,2022,7,12,40.81432,-75.40482,10121,1,3D,Northampton,Moore,Private,Bush,Partial,1,0.4,1.8,25,15,70,12.5,15,0,203,71,79,20,0,166,Non-native Invasive,,
4603,4603_2022_1,South,2022,7,12,40.81333,-75.40574,10121,1,3D,Northampton,Moore,Private,Bush,Partial,1,1.4,1.6,75,0,50,0,0,0,238,60,390,56,0,268,Grpvines dwn/dead wood,Non-native Invasive,
8209,8209_2022_2,Nest,2022,7,14,40.95795,-78.1875,9777,2,4D,Clearfield,Morris,Private,Tree,Complete,2,0.6,2,47.5,0,67.5,0,0,0,750,0,105,0,0,47,Decid. Non-eric,Non-native Invasive,
8209,8209_2022_2,North,2022,7,14,40.95885,-78.18761,9777,2,4D,Clearfield,Morris,Private,Tree,Complete,3,0.1,2,57.5,5,15,55,2.5,0,1050,30,40,2,0,23,Grpvines dwn/dead wood,,
8209,8209_2022_2,East,2022,7,14,40.95791,-78.186306,9777,2,4D,Clearfield,Morris,Private,Tree,Complete,4,0.1,0.6,70,0,0,87.5,0,0,1400,0,0,2,0,0,Grpvines dwn/dead wood,,
8209,8209_2022_2,South,2022,7,14,40.95706,-78.1874,9777,2,4D,Clearfield,Morris,Private,Tree,Complete,2,0.4,1.7,45,0,80,0,0,0,187,0,70,0,0,36,Grpvines dwn/dead wood,,high grass/forbs; dominated by aspen and black locust
8209,8209_2022_2,West,2022,7,14,40.95784,-78.1887,9777,2,4D,Clearfield,Morris,Private,Tree,Complete,2,0.5,2,40,0,90,0,0,0,187,0,70,0,0,66,Non-native Invasive,Decid. Non-eric,grass/forb dominated opening; young black locust; some honeysuckle
8461,8461_2022_2,Nest,2022,8,2,40.43738,-75.60191,10082,2,5C,Berks,Hereford,Private,None,,0,0.5,1.2,0,0,100,90,0,0,0,0,69,6,0,,,,In Hayfield. field being mowed as survey was being done
8461,8461_2022_2,East,2022,8,2,40.43732,-75.6008,10082,2,5C,Berks,Hereford,Private,None,,0,0.1,0.2,2.5,0,90,30,0,0,100,0,10,3,0,7,,,point in mowed english lawn
8461,8461_2022_2,South,2022,8,2,40.43644,-75.60197,10082,2,5C,Berks,Hereford,Private,None,,0,0.3,1.1,0,0,100,90,0,0,0,0,52,7,0,,,,It was a hayfield
8461,8461_2022_2,West,2022,8,2,40.43732,-75.60316,10082,2,5C,Berks,Hereford,Private,None,,0,0.2,0.6,0,0,100,90,0,0,0,0,47,7,0,,,,In hayfield. no where near treeline no trees or shrubs in hayfield
8462,8462_2022_2,Nest,2022,8,2,40.41571,-75.60662,10090,2,5C,Berks,Washington,Private,None,,0,0.6,1.2,0,0,90,80,0,0,0,0,65,3,0,0,,,Large active den ~25m from nest bowl. No eggs found in nest bowl. Active driveway ~50m from nest bowl.
8462,8462_2022_2,East,2022,8,2,40.41573,-75.60544,10090,2,5C,Berks,Washington,Private,None,,0,0.1,0.9,40,0,47.5,82.5,2.5,0,84,0,25,3,0,42,Decid. Non-eric,,Plot alonside residential gravel driveway
8462,8462_2022_2,South,2022,8,2,40.41485,-75.60675,10090,2,5C,Berks,Washington,Private,None,,0,0.4,0.6,35,0,35,62.5,25,0,123,0,49,2,0,22,Decid. Non-eric,,Point on gravel driveway
8462,8462_2022_2,West,2022,8,2,40.41575,-75.6078,10090,2,5C,Berks,Washington,Private,None,,0,0.1,0.6,10,0,85,90,0,0,70,0,58,2,0,36,Decid. Non-eric,,Point is on a woodline at the edge of a hayfield. Abundant sassafras along edge of field
8473,8473_2022_2,Nest,2022,8,8,40.48498,-75.15754,10120,2,5C,Bucks,Tinicum,Private,None,,0,,1.5,35,0,47.5,90,0,0,67,0,32,2,0,16,Non-native Invasive,Grpvines dwn/dead wood,"No guard object, nest is sort of in the open, near a ceader blow down, low if not no understory"
8473,8473_2022_2,North,2022,8,8,40.48587,-75.15754,10120,2,5C,Bucks,Tinicum,Private,None,,0,0.1,0.2,5,0,42.5,90,0,0,28,0,18,3,0,13,Grpvines dwn/dead wood,,"very open. low/ no ground cover. mix of old and new growth trees. Multiple brush piles outside of plot, possibly managed by landowners. trees were mainly maples."
8473,8473_2022_2,East,2022,8,8,40.48498,-75.15636,10120,2,5C,Bucks,Tinicum,Private,None,,0,0.1,0.3,0,0,50,90,0,0,0,0,28,1,0,,,,Point was in the middle of a mowed field
8473,8473_2022_2,South,2022,8,8,40.48408,-75.15754,10120,2,5C,Bucks,Tinicum,Private,None,,0,0.1,0.3,0,0,62.5,90,0,0,0,0,41,0,0,,,,Point was on the edge of a mowed field with some tall grass and no trees.
8208,8208_2022_1,Nest,2022,9,1,41.01589,-77.49978,10064,1,4D,Clinton,Porter,Private,Log,Partial,0.2,0.3,1.1,75,7.5,5,12.5,0,0,225,50,4,2,0,15,Non-native Invasive,,Abundant Japanese barberry with small patchy openings containing minimal ferns and grass/forbs
8208,8208_2022_1,North,2022,9,1,41.01589,-77.49978,10064,1,4D,Clinton,Porter,Private,Log,Partial,0.2,0.1,1.7,35,10,25,42.5,0,0,125,40,20,2,0,20,Non-native Invasive,Grpvines dwn/dead wood,"Open understory with patchy fern and grass/ forbs; high canopy; some saplings, Japanese barberry, and downed/ dead wood"
8208,8208_2022_1,East,2022,9,1,41.01589,-77.49978,10064,1,4D,Clinton,Porter,Private,Log,Partial,0.2,0.2,1.5,42.5,20,0,20,0,15,143,40,0,2,27,7,Non-native Invasive,Grpvines dwn/dead wood,"Semi-open, high canopy with sparse birch saplings, patchy fern and Japanese barberry; slightly rocky"
8208,8208_2022_1,South,2022,9,1,41.01589,-77.49978,10064,1,4D,Clinton,Porter,Private,Log,Partial,0.2,0.8,2,72.5,12.5,0,65,0,0,200,23,0,2,0,91,Grpvines dwn/dead wood,,"Dense stand of stiped maple saplings with little live, vegetative ground cover, patchy ferns, downed dead wood and Japanese barberry, mature trees intermixed"
8208,8208_2022_1,West,2022,9,1,41.01589,-77.49978,10064,1,4D,Clinton,Porter,Private,Log,Partial,0.2,0.2,0.2,27.5,27.5,5,42.5,0,0,93,40,20,2,0,10,Grpvines dwn/dead wood,,"Open area consisting of downed/ dead wood and patchy fern, high canopy, very little live vegetative ground cover/ understory"
8461,8461_2022_3,Nest,2022,9,19,40.42452,-75.59925,10082,3,5C,Berks,Washington,Private,Bush,Partial,0.8,0.5,1.4,7.5,0,67.5,7.5,17.5,0,67,0,34,6,0,0,Decid. Non-eric,,Nest between road and mowed lawn. Hen appears to have been flushed and killed away from nest. bowl appears mostly undisturbed. mortality around 9/16/2022 and the nest was in wineberry.
8461,8461_2022_3,North,2022,9,19,40.42532,-75.59932,10082,3,5C,Berks,Washington,Private,Bush,Partial,0.8,0.1,0.6,25,0,20,5,25,0,120,0,50,6,0,32,Decid. Non-eric,,Point was on the side of the road with half of the plot actually being the road.
8461,8461_2022_3,East,2022,9,19,40.42443,-75.59812,10082,3,5C,Berks,Washington,Private,Bush,Partial,0.8,0.1,0.5,15,0,32.5,52.5,0,0,24,0,15,5,0,21,Decid. Non-eric,,"Plot is a good mix of old and young growth, lots of deer browse. was also 30 yrds from where the mortality was found and 50 yrds from a building"
8184,8184_2022_1,Nest,2022,9,21,40.8772,-79.519,10131,1,2D,Armstrong,East Franklin,Private,Bush,Partial,0.5,0.2,0.9,85,0,60,100,0,0,91,0,42,5,0,29,Decid. Non-eric,Grpvines dwn/dead wood,
8184,8184_2022_1,North,2022,9,21,40.87785,-79.51926,10131,1,2D,Armstrong,East Franklin,Private,Bush,Partial,0.5,,,0,0,0,0,100,0,0,0,0,0,0,0,,,"Plot was located at gas well pad; Area was all gravel, cement, and well equipment"
8184,8184_2022_1,East,2022,9,21,40.87745,-79.51768,10131,1,2D,Armstrong,East Franklin,Private,Bush,Partial,0.5,0.1,0.6,27.5,67.5,10,100,0,0,161,64,13,4,0,44,Grpvines dwn/dead wood,,
8184,8184_2022_1,South,2022,9,21,40.87622,-79.5186,10131,1,2D,Armstrong,East Franklin,Private,Bush,Partial,0.5,0.3,0.6,40,90,10,100,0,0,162,82,9,4,0,70,Decid. Non-eric,Grpvines dwn/dead wood,
8184,8184_2022_1,West,2022,9,21,40.87686,-79.51999,10131,1,2D,Armstrong,East Franklin,Private,Bush,Partial,0.5,0.1,0.5,7.5,0,100,92.5,0,0,59,0,47,19,0,1,Decid. Non-eric,Non-native Invasive,
8183,8183_2022_1,Nest,2022,9,26,40.88145,-79.53735,10133,1,2D,Armstrong,East Franklin,Private,Bush,Partial,2,0.1,2,57.5,10,90,100,0,0,142,53,38,4,0,340,Non-native Invasive,Grpvines dwn/dead wood,
8183,8183_2022_1,North,2022,9,26,40.88234,-79.53768,10133,1,2D,Armstrong,East Franklin,Private,Bush,Partial,2,0.1,1.6,20,15,100,100,0,0,170,279,32,4,36,36,Grpvines dwn/dead wood,,
8183,8183_2022_1,East,2022,9,26,40.88166,-79.53625,10133,1,2D,Armstrong,East Franklin,Private,Bush,Partial,2,0.1,1.7,72.5,0,57.5,100,0,0,174,34,16,3,0,110,Grpvines dwn/dead wood,,
8183,8183_2022_1,South,2022,9,26,40.88052,-79.53708,10133,1,2D,Armstrong,East Franklin,Private,Bush,Partial,2,0.1,0.6,12.5,10,35,100,0,0,58,64,16,3,0,7,Non-native Invasive,Grpvines dwn/dead wood,
8183,8183_2022_1,West,2022,9,26,40.88123,-79.53854,10133,1,2D,Armstrong,East Franklin,Private,Bush,Partial,2,0.2,1,32.5,10,15,80,15,0,136,53,17,2,0,94,Non-native Invasive,Grpvines dwn/dead wood,
8191,8191_2022_1,West,2022,5,27,40.72569,-79.29157,10101,1,2D,Armstrong,Plumcreek,Private,Log,Partial,2,0.15,0.25,5,0,98,30,0,0,106,42,19,4,0,25,Non-native invasive,,
8260,8260_2022_1,Nest,2022,6,13,40.65941,-78.16703,10062,1,4D,Huntingdon,Warriors Mark,Private,Bush,Partial,,0.3,2,40,0,60,0,0,0,450,0,112,0,0,15,decid. ericaceous,decid. Non-eric,no record in notes of guard object height
8260,8260_2022_1,North,2022,6,13,40.660357,-78.16696,10062,1,4D,Huntingdon,Warriors Mark,Private,Bush,Partial,,0.1,0.5,47.5,0,47.5,2.5,0,0,200,0,50,2,0,5,evergreen shrub,decid. ericaceous,"evergreen shrub = laurel, decid. = blueberry"
8260,8260_2022_1,East,2022,6,13,40.659334,-78.165851,10062,1,4D,Huntingdon,Warriors Mark,Private,Bush,Partial,,0.2,0.4,10,35,55,0,0,0,150,70,60,0,0,0,,,
8260,8260_2022_1,South,2022,6,13,40.658556,-78.167046,10062,1,4D,Huntingdon,Warriors Mark,Private,Bush,Partial,,0.5,0.9,17.5,40,47.5,0,0,0,200,75,40,0,0,2,Decid. Eric,,blueberry
8260,8260_2022_1,West,2022,6,13,40.659396,-78.168224,10062,1,4D,Huntingdon,Warriors Mark,Private,Bush,Partial,,0.3,0.9,30,0,70,0,0,0,670,0,58,0,0,5,Decid. Eric,Non-native Invasive,"decid. =blueberry, non-native = multiflora"
8479,8479_2022_1,Nest,2022,6,17,40.36016,-75.54654,10059,1,5C,Montgomery,New Hanover,Private,Bush,Complete,1.2,0.9,1.6,75,0,25,90,5,0,94,0,19,3,0,13,Decid. Non-eric,Non-native Invasive,"Turkey left the nest on 6/13. Nest check completed 6/14, veg was done 6/17. unsure if predation happended after abandondment. The veg plot for the nest was logged last year."
8479,8479_2022_1,North,2022,6,17,40.36107,-75.5465,10059,1,5C,Montgomery,New Hanover,Private,Bush,Complete,1.2,0,0.1,12.5,0,55,10,32.5,0,117,0,5,1,0,0,Non-native Invasive,,barns and mowed lawn.
8479,8479_2022_1,East,2022,6,17,40.36022,-75.54534,10059,1,5C,Montgomery,New Hanover,Private,Bush,Complete,1.2,0.9,1.2,50,0,60,82.5,5,0,39,0,14,3,0,24,Non-native Invasive,,"inside woods off of hayfield, hayfield just outside of veg plot"
8479,8479_2022_1,West,2022,6,17,40.36017,-75.54765,10059,1,5C,Montgomery,New Hanover,Private,Bush,Complete,1.2,0.7,1.5,40,7.5,45,62.5,2.5,0,95,43,23,2,0,30,Non-native Invasive,,Plot half in Hayfield and wooded edge
8479,8479_2022_1,South,2022,6,17,40.35934,-75.54649,10059,1,5C,Montgomery,New Hanover,Private,Bush,Complete,1.2,0.5,1.1,45,0,50,65,2.5,7.5,85,0,16,10,32,9,Decid. Non-eric,Non-native Invasive,in a recently logged portion of woods
8471,8471_2022_1,Nest,2022,6,22,40.47886,-75.11639,10118,1,5C,Bucks,Tinicum,Private,Bush,Partial,1,0.8,1.1,17.5,0,77.5,62.5,0,0,74,0,38,10,0,4,Decid. Non-eric,Non-native Invasive,"in the treeline between two hayfields, some old haybales in plot"
8471,8471_2022_1,East,2022,6,22,40.47891,-75.11523,10118,1,5C,Bucks,Tinicum,Private,Bush,Partial,1,0.1,0.2,32.5,2.5,20,87.5,12.5,0,85,15,12,2,0,44,Decid. Non-eric,Non-native Invasive,on unmaintaintained road/path with dried up stream bed in plot
8471,8471_2022_1,South,2022,6,22,40.47797,-75.11641,10118,1,5C,Bucks,Tinicum,Private,Bush,Partial,1,0.1,0.1,10,2.5,52.5,41.8,22.5,0,27,20,25,11,0,9,Grpvines dwn/dead wood,,dried up stream running through middle of plot. Old growth stand with red stone
8471,8471_2022_1,West,2022,6,22,40.47887,-75.11755,10118,1,5C,Bucks,Tinicum,Private,Bush,Partial,1,0.1,0.3,0,0,90,80,0,0,0,0,20,2,0,0,,,In middle of mowed hayfield.
8478,8478_2022_1,Nest,2022,6,21,40.39692,-75.55607,10132,1,5C,Montgomery,New Hanover,Private,Tree,Complete,2,0.6,1.4,5,0,87.5,52.5,0,0,100,0,43,2,0,1,Non-native Invasive,,"Nest was in the rough/ wooded area of golf course behind poplar tree, many snags and poison ivy"
8478,8478_2022_1,North,2022,6,21,40.39782,-75.55606,10132,1,5C,Montgomery,New Hanover,Private,Tree,Complete,2,0,0.1,0,0,92.5,2.5,7.5,0,0,0,2,1,0,0,,,Had to wait for golfers to pass/ T off first. The T was with in th plot no trees or shrubs in the plot.
8478,8478_2022_1,East,2022,6,21,40.39692,-75.55486,10132,1,5C,Montgomery,New Hanover,Private,Tree,Complete,2,0.1,0.4,12.5,0,77.5,17.5,0,2.5,113,0,22,1,60,7,Decid. Non-eric,Non-native Invasive,plot in edge of gold hole green with some woods in plot. Less then 20m from old Nest
8478,8478_2022_1,West,2022,6,21,40.39691,-75.55726,10132,1,5C,Montgomery,New Hanover,Private,Tree,Complete,2,0,0.1,0,0,100,0,0,0,0,0,2,0,0,0,,,In the middle of the fair way.
8210,8210_2022_1,Nest,2022,6,24,40.96773,-78.18398,9763,1,4D,Clearfield,Morris,Private,Bush,Complete,2,1,1.9,42.5,10,55,2.5,0,0,263,63,100,2,0,4,Non-native Invasive,,Dense vegetation
8210,8210_2022_1,South,2022,6,24,40.96687,-78.1841,9763,1,4D,Clearfield,Morris,Private,Bush,Complete,2,0.3,1.1,50,2.5,55,0,0,0,100,50,70,0,0,22,,,
8210,8210_2022_1,West,2022,6,24,40.96775,-78.18518,9763,1,4D,Clearfield,Morris,Private,Bush,Complete,2,0.1,0.6,35,2.5,27.5,40,0,0,338,40,15,2,0,10,Grpvines dwn/dead wood,,
8172,8172_2022_1,Nest,2022,6,17,40.73353,-79.29447,10115,1,2D,Armstrong,Plumcreek,Private,Other,Partial,1.3,0.1,1.9,77.5,0,80,10,0,0,145,11,117,16,0,109,Decid. Non-eric,,
8172,8172_2022_1,North,2022,6,17,40.734415,-79.294355,10115,1,2D,Armstrong,Plumcreek,Private,Other,Partial,1.3,0.2,1.3,45,0,80,27.5,0,0,114,51,68,6,0,101,Decid. Non-eric,Non-native Invasive,
